역명,미세먼지,이산화탄소,폼알데하이드,일산화탄소
시청,54.6,490.0,5.1,0.6
종각,103.575,590.0,6.3,1.1
종로가,58.8,491.0,6.6,0.9
종로가,88.1,667.0,7.9,1.1
동대문,69.0,528.0,7.5,1.1
동묘앞,81.2,598.0,12.1,1.6
신설동,77.5,556.0,7.9,1.3
제기동,90.2,511.0,9.5,0.9
청량리,37.3,503.0,4.5,0.9
시청,73.1,635.0,5.2,0.2
을지로입구,59.6,472.0,5.3,0.3
을지로가,38.5,700.0,5.6,0.3
을지로가,62.5,720.0,26.4,0.9
동대문역사문화공원,64.3,853.0,5.6,1.0
신당,47.3,894.0,6.5,0.6
상왕십리,43.8,814.0,8.2,0.6
왕십리,37.1,809.0,7.7,0.3
잠실,70.4,554.0,8.8,0.9
잠실새내,34.9,825.0,6.2,0.3
종합운동장,62.3,439.0,10.9,0.8
삼성,78.5,664.0,9.3,0.7
선릉,78.6,637.0,7.7,0.9
역삼,64.5,659.0,8.8,0.9
강남,49.9,826.0,11.0,1.0
교대,37.5,555.0,6.9,0.5
서초,58.9,552.0,5.8,0.2
방배,38.2,445.0,2.0,0.5
사당,28.8,491.0,5.0,0.3
낙성대,73.5,484.0,2.7,0.4
서울대입구,44.3,496.0,2.9,0.3
봉천,51.2,457.0,5.2,0.5
신림,89.4,524.0,6.6,0.3
신도림,47.2,481.0,5.5,0.2
문래,28.2,509.0,7.3,0.6
영등포구청,41.4,504.0,5.7,0.3
합정,37.0,541.0,6.1,0.3
홍대입구,25.7,534.0,5.4,0.2
신촌,25.3,442.0,5.3,0.3
이대,31.4,443.0,4.3,0.2
아현,32.4,421.0,6.9,0.3
충정로,27.7,430.0,7.1,0.2
도림천,39.0,433.0,5.3,0.1
양천구청,37.8,405.0,5.2,0.3
신정네거리,44.6,513.0,5.5,0.5
신설동,57.7,701.0,6.8,0.7
용두,48.8,667.0,6.4,0.7
구파발,46.8,462.0,6.0,0.1
연신내,53.9,491.0,7.6,0.3
불광,63.8,527.0,7.6,0.5
녹번,44.7,509.0,7.8,0.2
홍제,51.4,558.0,6.4,0.4
무악재,64.5,498.0,6.3,0.5
독립문,53.1,488.0,4.8,0.1
경복궁,66.3,491.0,7.1,0.1
안국,42.8,448.0,7.9,0.3
종로가,76.0,490.0,5.4,1.2
을지로가,58.5,515.0,4.9,0.2
충무로,80.5,527.0,4.3,0.3
동대입구,30.3,414.0,3.4,0.1
약수,67.7,439.0,6.4,0.1
금호,27.3,445.0,3.3,0.2
압구정,27.5,574.0,4.1,0.4
신사,67.6,489.0,4.7,0.3
잠원,71.6,419.0,3.2,0.1
고속터미널,92.8,661.0,3.6,0.3
교대,69.0,532.0,3.9,0.5
남부터미널,43.6,444.0,4.2,0.1
양재,40.2,521.0,3.3,0.1
매봉,41.6,431.0,6.4,0.2
도곡,38.4,398.0,4.4,0.3
대치,36.5,437.0,6.1,0.4
학여울,27.1,416.0,5.4,0.1
대청,61.3,443.0,5.6,0.1
일원,66.6,441.0,6.2,0.2
수서,54.3,496.0,4.6,0.1
가락시장,55.2,542.0,8.4,0.1
경찰병원,51.8,413.0,1.9,0.2
오금,48.2,439.0,6.6,0.3
쌍문,144.175,445.0,4.9,0.1
수유,89.5,504.0,4.9,0.3
미아,90.75,492.0,3.5,0.2
미아사거리,83.475,510.0,4.7,0.2
길음,67.6,486.0,5.7,0.4
성신여대입구,81.9,580.0,6.3,0.1
한성대입구,59.9,455.0,5.5,0.2
혜화,43.2,551.0,7.3,0.4
동대문,61.8,508.0,5.9,0.4
동대문역사문화공원,47.4,601.0,9.1,0.3
충무로,81.8,512.0,4.2,0.2
명동,78.0,530.0,7.1,0.4
회현,69.6,580.0,9.3,0.5
서울,50.8,478.0,3.3,0.5
숙대입구,60.5,571.0,6.7,0.3
삼각지,66.1,539.0,10.4,0.3
신용산,67.3,488.0,7.5,0.4
이촌,53.2,530.0,6.0,0.1
총신대입구,61.1,509.0,4.7,0.1
사당,54.3,563.0,5.0,0.2
남태령,74.0,412.0,2.8,0.2
방화,27.1,483.5,3.4,0.6
개화산,28.9,468.5,3.5,0.7
김포공항,68.1,467.7,3.1,0.7
송정,31.8,439.0,2.8,0.8
마곡,66.9,477.0,3.4,0.9
발산,43.7,448.0,3.2,0.8
우장산,66.3,429.5,6.5,0.8
화곡,40.9,495.0,6.0,0.8
까치산,54.3,488.0,9.0,0.9
신정,61.0,424.0,6.3,0.8
목동,66.5,474.5,3.9,0.7
오목교,53.3,491.3,4.5,0.8
양평,49.2,442.5,4.1,0.8
영등포구청,73.7,505.5,4.7,0.8
영등포시장,67.8,517.0,7.7,0.8
신길,60.4,448.3,6.8,0.9
여의도,59.7,589.3,7.0,0.8
여의나루,59.0,423.3,4.6,0.8
마포,52.2,429.5,5.3,0.9
공덕,33.5,424.3,3.9,0.8
애오개,64.2,473.0,5.5,0.8
충정로,52.0,437.0,4.6,0.8
서대문,56.3,550.5,7.5,0.9
광화문,43.2,561.7,6.4,0.9
종로가,49.4,516.0,8.9,0.9
을지로가,53.3,466.3,7.1,0.8
동대문역사문화공원,39.3,439.5,6.3,0.8
청구,51.3,473.0,5.4,1.0
신금호,75.5,440.0,6.6,0.9
행당,56.8,451.5,4.7,1.0
왕십리,72.9,461.7,6.9,0.8
마장,66.1,438.0,6.0,0.9
답십리,34.1,639.0,9.2,0.8
장한평,36.7,562.0,7.0,1.0
군자,37.7,704.3,8.6,0.8
아차산,29.7,790.5,7.0,1.1
광나루,28.5,446.0,5.7,1.0
천호,30.5,688.3,6.5,1.0
강동,49.3,454.8,4.1,0.8
길동,27.3,442.0,4.5,0.8
굽은다리,28.0,435.0,4.0,0.9
명일,27.9,447.0,3.7,0.8
고덕,47.7,451.0,5.7,0.8
상일동,67.8,448.5,5.6,0.7
미사,33.9,463.3,3.9,0.7
하남풍산,33.5,484.0,4.4,0.7
둔촌동,40.1,457.5,3.5,0.9
올림픽공원,43.3,474.5,4.5,0.8
방이,66.1,467.5,5.3,0.8
오금,73.5,471.0,5.1,0.9
개롱,68.9,478.5,6.9,0.9
거여,74.9,507.5,6.8,1.1
마천,25.5,487.0,4.6,0.9
응암,60.1,478.0,6.8,0.8
역촌,39.1,471.0,5.4,0.9
불광,46.6,468.0,4.7,0.9
독바위,51.6,463.0,4.7,0.9
연신내,68.4,455.0,4.6,1.0
구산,77.6,460.5,5.1,1.1
새절,47.7,476.5,4.2,1.0
증산,52.1,474.5,3.8,0.9
디지털미디어시티,78.2,486.7,6.5,0.9
월드컵경기장,57.0,501.0,4.8,1.0
마포구청,75.1,481.0,4.8,1.0
망원,57.5,485.5,4.4,1.1
합정,36.1,487.0,5.9,0.9
상수,30.0,487.5,5.4,0.9
광흥창,32.8,466.5,5.0,1.0
대흥,36.0,499.0,5.0,1.1
공덕,44.0,481.7,3.5,0.8
효창공원앞,44.4,461.0,4.2,0.8
삼각지,58.4,503.7,5.7,0.9
녹사평,37.0,472.7,5.6,0.9
이태원,45.5,452.0,5.0,0.9
한강진,47.4,453.0,5.3,0.9
버티고개,44.7,465.0,6.2,0.9
약수,65.6,485.0,6.8,0.9
청구,50.7,493.0,9.0,0.9
신당,47.3,552.7,9.5,0.8
동묘앞,51.6,550.7,8.3,0.9
창신,45.1,532.0,9.7,0.9
보문,51.0,531.0,11.0,0.9
안암,32.0,531.0,7.3,0.9
고려대,31.2,489.5,5.5,0.9
월곡,65.8,467.0,4.6,0.9
상월곡,45.6,468.5,6.4,0.9
돌곶이,45.2,499.0,7.3,1.0
석계,47.7,492.7,7.0,1.0
태릉입구,64.6,485.3,4.9,1.0
화랑대,38.3,473.3,5.7,1.0
봉화산,36.5,457.0,4.7,1.0
수락산,61.2,464.0,8.2,1.1
마들,35.0,467.0,8.3,0.9
노원,35.1,488.7,9.1,1.0
중계,30.3,423.0,8.1,0.9
하계,30.4,445.5,5.1,0.9
공릉,35.7,487.5,5.8,0.9
태릉입구,38.2,462.7,5.8,0.9
먹골,36.3,460.5,8.8,0.9
중화,23.8,439.5,7.5,0.9
상봉,41.5,548.5,9.4,1.0
면목,45.0,451.0,8.4,0.9
사가정,44.2,450.5,8.7,0.9
용마산,31.8,466.5,7.9,0.9
중곡,40.8,449.0,6.6,0.9
군자,47.5,457.5,6.9,0.9
어린이대공원,32.3,467.0,9.5,1.0
건대입구,36.7,487.3,10.6,1.0
청담,34.2,505.5,7.5,0.8
강남구청,31.6,440.3,6.5,0.9
학동,31.2,442.5,8.7,0.9
논현,35.2,489.0,9.9,1.2
반포,58.3,500.7,10.6,0.9
고속터미널,63.2,593.3,15.0,1.1
내방,37.4,495.5,8.4,1.1
이수,35.6,497.3,7.9,1.0
남성,39.9,449.0,8.1,1.7
숭실대입구,40.3,477.5,8.5,0.8
상도,45.7,452.0,9.5,0.8
장승배기,42.3,445.5,7.8,0.9
신대방삼거리,46.7,481.5,9.0,1.8
보라매,35.0,468.0,7.3,0.9
신풍,48.6,526.0,14.4,0.9
대림,39.9,549.5,12.9,0.8
남구로,53.2,538.0,16.8,0.8
가산디지털단지,54.0,552.0,14.6,0.8
철산,63.7,489.5,7.9,0.9
광명사거리,52.0,441.0,6.2,0.9
천왕,54.1,466.0,6.8,0.8
온수,55.6,450.7,6.4,0.8
까치울,49.3,440.0,4.6,0.7
부천종합운동장,57.7,466.5,6.4,0.9
춘의,44.4,456.5,5.5,0.7
신중동,120.1,468.3,5.1,0.8
부천시청,88.9,478.0,6.6,0.8
상동,64.5,519.0,7.8,0.8
삼산체육관,46.7,461.5,6.4,0.8
굴포천,48.2,540.5,8.3,1.0
부평구청,42.0,563.0,9.0,0.9
암사,26.3,451.0,13.4,1.0
천호,34.0,505.5,11.2,1.1
강동구청,31.3,448.0,13.0,1.0
몽촌토성,35.3,527.0,7.0,0.9
잠실,24.8,634.7,10.0,1.0
석촌,31.5,478.0,9.6,1.0
송파,32.6,441.0,5.7,1.0
가락시장,29.1,449.0,6.8,1.0
문정,30.1,480.5,7.0,1.1
장지,29.8,462.0,7.0,1.0
복정,29.1,447.5,6.0,0.9
산성,36.0,436.5,10.5,0.8
남한산성입구,36.4,521.5,11.7,1.2
단대오거리,31.4,444.0,6.9,1.0
신흥,39.2,458.0,14.8,1.1
수진,36.8,459.5,19.7,1.0
모란,39.8,473.0,10.6,0.9
